mode;n_boot;mean;std;low;high
season;199;0.5021880541523149;0.10923393458267756;0.3569158091612032;0.6400446909847604
hierarchical;200;0.6359761469386885;0.030262247171001216;0.5667917294857838;0.6823447776491519
no_season;200;0.3585945325771274;0.034054356508616705;0.3017718746335035;0.43262999255898504
