;night;morning;daytime;afternoon
season;0.84948957333566;1.0;0.31711217162643485;0.44544729387675625
hierarchical;0.4665941697191698;0.43509139123985247;0.5490386286137852;0.5261369479037151
no_season;0.4434687595013682;0.47222292456805726;0.2870925045964059;0.3379825231219035
