mode;n;accuracy;f1;top3
season;20721;0.745717732207479;0.3278301190589466;0.9997587454764777
hierarchical;26764;0.7025966747618158;0.5308008296939659;0.993274799178031
no_season;26764;0.6654212591070428;0.30093447617348784;0.9755277414533906
